Model,Task,Samples,Accuracy,Macro_Precision,Macro_Recall,Macro_F1
gemma2-9b-it,Aspect Extraction,750,0.928,0.9294594730342916,0.9280137103197178,0.9276450065732467
gemma2-9b-it,Sentiment Classification,750,0.7186666666666667,0.7649866986809905,0.7186666666666667,0.6887666964724185
