Model,Task,Samples,Accuracy,Macro_Precision,Macro_Recall,Macro_F1
qwen-v2p5-7b,Aspect Extraction,750,0.7733333333333333,0.8293457149086527,0.7731966093981113,0.7770704143184256
qwen-v2p5-7b,Sentiment Classification,750,0.576,0.38724363761705066,0.576,0.4620404052859815
