Model,rows,fw_status_200,fw_errors,fw_has_sentiment,fw_has_emotion,sentiment_accuracy,sentiment_macro_f1,emotion_accuracy,emotion_macro_f1,triplet_term_sent_micro_precision,triplet_term_sent_micro_recall,triplet_term_sent_micro_f1,triplet_cat_sent_coarse_micro_precision,triplet_cat_sent_coarse_micro_recall,triplet_cat_sent_coarse_micro_f1,triplet_full_micro_precision,triplet_full_micro_recall,triplet_full_micro_f1
gemma2-9b-it,1000,1000,0,1000,1000,0.66,0.6160310633942672,0.576,0.3832729099048472,0.6602409638554216,0.6319188191881919,0.6457695027103464,0.6236933797909407,0.5849673202614379,0.6037099494097807,0.24873795318953648,0.2460281434407626,0.24737562756732084
llama-v3p1-8b-instruct,1000,1000,0,998,998,0.625250501002004,0.539694470941427,0.5961923847695391,0.46244339512733984,0.5651080945198592,0.518450184501845,0.5407745970651913,0.585277345775013,0.527077497665733,0.5546548759518547,0.15114068441064638,0.14434861552428507,0.14766658927327606
mistral-7b-instruct-v3,1000,1000,0,997,997,0.5075225677031093,0.4563312209547951,0.49047141424272817,0.30909195349921914,0.4561558901682905,0.47509225092250923,0.465431540894713,0.438957475994513,0.4481792717086835,0.4435204435204435,0.11696158826068191,0.1230140717203813,0.11991150442477876
qwen-v2p5-7b,1000,1000,0,970,970,0.5216494845360825,0.526895082277505,0.4309278350515464,0.33836637183283536,0.405532666274279,0.31780442804428044,0.3563485906387381,0.5373134328358209,0.40336134453781514,0.46080000000000004,0.0970873786407767,0.0817067635043123,0.08873551885629775