Model,Task,Samples,Accuracy,Macro_Precision,Macro_Recall,Macro_F1
gemma2-9b-it,Aspect Extraction,1350,0.8851851851851852,0.8936233946879091,0.8852957701964778,0.8826413148996215
gemma2-9b-it,Sentiment Classification,1350,0.6614814814814814,0.716004325993576,0.6614814814814814,0.6220127418237668
