Model,Task,Samples,Accuracy,Macro_Precision,Macro_Recall,Macro_F1
llama-v3p1-8b-instruct,Aspect Extraction,750,0.948,0.9479127515717197,0.9480600750938672,0.9478373909822267
llama-v3p1-8b-instruct,Sentiment Classification,750,0.76,0.776959305251841,0.7599999999999999,0.7456183929871628
