Model,Task,Samples,Accuracy,Macro_Precision,Macro_Recall,Macro_F1
llama-v3p1-8b-instruct,Aspect Extraction,1350,0.782962962962963,0.7930553747369848,0.7830294277737784,0.7863725923175234
llama-v3p1-8b-instruct,Sentiment Classification,1350,0.6666666666666666,0.6813688637033888,0.6666666666666666,0.6527251816829399
