Model,Task,Samples,Accuracy,Macro_Precision,Macro_Recall,Macro_F1
mistral-7b-instruct-v0p2,Aspect Extraction,750,0.8466666666666667,0.8644336248656441,0.8466549095460234,0.850008700479216
mistral-7b-instruct-v0p2,Sentiment Classification,750,0.652,0.6946540533235898,0.652,0.657780980250073
